{"cameraMode":{"drawMode":0,"name":"Shaded","section":"Shading Mode"},"sceneLighting":true,"audioPlay":false,"sceneViewState":{"showFog":true,"showMaterialUpdate":false,"showSkybox":true,"showFlares":true,"showImageEffects":true,"showParticleSystems":true},"in2DMode":false,"pivot":{"x":8.545709609985352,"y":4.158679485321045,"z":21.062667846679689},"rotation":{"x":0.03733997046947479,"y":-0.5574005246162415,"z":0.025107573717832567,"w":0.8290693759918213},"size":0.4330126941204071,"orthographic":false}